"Modelo","R2_Ajustado","AIC"
"Completo",0.713780873718288,35267.5842654236
"Solo GrLivArea",0.501807188440715,36075.7610224509
"Solo OverallQual",0.625395137930198,35659.4925317219
