"MAE","RMSE","MAPE","R_squared"
0.148297209361327,0.193216994781771,0.0124262458656597,0.777689749372174
