"MAE","RMSE","MAPE","R_squared"
0.146418066465015,0.201690317918044,0.0122498315198965,0.738914195818436
